,CatalogID,SKU,Options?
0,3457,RB6T,Yes
1,4070,60C00,Yes
2,4282,MB30-P,Yes
3,5499,E48TA-CONTROL,Yes
4,5570,OE,Yes
5,5628,TAD8,Yes
6,5801,PHOTONSMK,Yes
7,5965,PROMO-INTG,Yes
8,6012,*ENFWBF,Yes
9,6013,*ENFWBRF,Yes
10,6015,*ENFWBF,Yes
11,6016,*ENFWBF,Yes
12,6228,C-VS-1012-INUT,Yes
13,6262,*TM-5126,Yes
14,6263,*TA-5502,Yes
15,6264,*ROC-9821,Yes
16,6295,VE6,Yes
17,6300,VE3,Yes
18,6353,*INTG,Yes
19,6448,QUADTOW-Q,Yes
20,6475,GIFTC,Yes
21,6751,FLEX6-,Yes
22,6856,MPL10,Yes
23,6859,MPL32,Yes
24,6872,RBKTHD4,Yes
25,6961,OPENBOXPKG-VSX-1800-INUT-PM-3-2,Yes
26,6978,GARAGE-APOLLO-,Yes
27,6984,test 111,Yes
28,7006,mousepad-whelen,Yes
102,4240,WLC-506FB-D7,No
242,5566,MUG,No
312,5788,E48TA-CABLE,No
326,5842,C6FB,No
359,5982,CC-F-TH-L22-OS,No
360,5983,CC-F-TH-L25-OS,No
361,5984,CC-F-TH-LPCD-16,No
362,5985,CC-F-TH-LPCD-25,No
363,5986,CC-F-TH-V12,No
364,5987,CC-F-THOS-16,No
365,5988,CC-F-THOS-22,No
366,5989,CC-F-THOS-30,No
367,5990,CC-F-THOS-LA-30,No
368,5991,CC-F-TMC-711,No
369,5992,CC-F-TMC-715,No
370,5993,CC-F-TMC-718,No
371,5994,CC-F-TMC-723,No
372,5995,CC-F-TMC-79,No
374,5997,CC-FDUV-14-HC,No
375,5998,CC-UV-L-18,No
376,5999,CC-UV-L-20,No
377,6000,CC-UV-PCFX14,No
378,6001,CC-UV-S10-L8,No
379,6002,CC-UV-V12,No
380,6011,CC-RAM20-FS,No
388,6048,SNM-STICKER,No
418,6235,EZSWITCHBOX,No
422,6260,*TA-2505-UNIB,No
423,6261,*TA-2505-SMP,No
424,6265,*EIC-7712-PIU,No
438,6352,#NAME?,No
445,6374,Q-8820,No
448,6379,0,No
453,6391,TORRENT,No
454,6394,ALGT53-1581619497,No
455,6400,CIGPLUGUNIV,No
470,6438,EHAW92-AMBER,No
486,6495,SAK1,No
487,6496,SAK9,No
488,6497,SAK25,No
489,6498,SAK70,No
490,6499,SAK62D,No
491,6500,SAK62P,No
492,6501,SAK50,No
493,6502,SAK49,No
494,6503,SAK63D,No
495,6504,SAK63P,No
496,6505,SAK70,No
497,6506,SAK42,No
498,6507,SAK43,No
499,6508,SAK37,No
500,6509,SAK54CM,No
501,6510,SAK48,No
502,6511,SAK47,No
503,6512,SAK69D,No
504,6513,SAK69P,No
505,6514,SAK32,No
506,6515,SAK23,No
507,6516,SAK66D,No
508,6517,SAK66P,No
509,6518,SAK67D,No
510,6519,SAK44,No
511,6520,SAK52,No
512,6521,SAK51,No
513,6522,SAK57,No
514,6523,SAK61D,No
515,6524,SAK61P,No
516,6525,SAK59,No
517,6526,SAK60,No
518,6527,SAK64D,No
519,6528,SAK64P,No
521,6530,CANCTL5,No
522,6531,CANCTL6,No
523,6532,CANCTL7,No
524,6533,CC5K1,No
525,6534,CC5K2,No
526,6535,CC5K3,No
527,6536,CC5K4,No
528,6537,CC5K5,No
529,6538,CC5K6,No
530,6539,CC5K7,No
531,6540,CCSRN4DA,No
532,6541,CANEM16,No
534,6543,ED-1753,No
535,6544,OBDCABLE6-2,No
536,6545,OBDCABLE25-2 ,No
537,6546,OBDCABLE6-DGCAN,No
540,6553,HWLRB23,No
541,6554,HWLRB11,No
542,6555,HWLRB26,No
543,6556,HWLRB18,No
544,6557,HWLRB28,No
546,6559,HWLRB24,No
548,6561,HWLRB19,No
550,6563,HWLRB20,No
551,6564,HWLRB14,No
552,6565,HWLRB22,No
553,6566,HWLRB4,No
554,6567,HWLRB27,No
555,6568,ARGCH1,No
556,6569,HWLRB2,No
557,6570,ARGCH2,No
558,6571,HWLRB21,No
559,6572,HWLRB13,No
580,6593,HWLRB30,No
581,6594,HWLRB31,No
582,6595,HWLRB32,No
591,6604,LSVBKT50,No
593,6606,ESB-U,No
594,6607,HAMB-006,No
595,6608,SLPBKT1,No
596,6609,HAMB-001,No
597,6610,HAMB-002,No
598,6611,HAMB-004,No
599,6612,HAMB-005,No
600,6613,HAMB-007,No
601,6615,SA350MB1,No
603,6619,KIT12,No
604,6620,KIT13,No
605,6625,KIT33,No
606,6627,KIT14,No
607,6628,KITWT,No
608,6629,FORD-R,No
609,6630,RTM-AMB,No
622,6647,79-00015-04,No
632,6658,MC23VA,No
645,6696,ENFLBS1248-2,No
646,6704,Strap Kit Test,No
678,6741,HWLRB33,No
679,6742,HWLRB34,No
680,6744,SAK66D,No
681,6745,SAK66P,No
686,6815,QT-1010,No
692,6829,SAK72D,No
693,6830,SAK72P,No
694,6832,SAK71,No
696,6841,RTM-AMB,No
697,6842,RTM-AMB-LP,No
698,6844,AT-S-PLATE,No
699,6845,AT-EXT-PLATE,No
700,6846,AT-EXT-S-PLATE,No
705,6855,MPL10R,No
706,6857,MPL10J,No
707,6858,MPL32R,No
760,7008,Test,No
773,7022,EB2SP3E,No
