,CatalogID,SKU,Name,Hide,NotForSale
0,3465,11.1005SF,Sho Me Universal Strobe Style LED Flasher,False,False
1,3466,11.1032,Sho Me Micro Switch with Built In LED Flasher,False,False
2,3478,295SL100,Whelen Full Function Hands Free Siren and Heavy Duty Microphone,False,False
3,3480,30.0215P,Sho Me Concealed Scoop 100 Watt Speaker,False,False
4,3481,30.2104,Sho Me Four Function Undercover Siren,False,False
5,3491,6ELTUBE,Whelen 6ELTUBE Strobe Tube,False,False
6,3494,7ELTUBE,Whelen 700 Series Linear Strobe Tube/Reflector Assembly,False,False
7,3497,9UTUBE,Whelen Edge 9M/Ultra Corner Tube/Reflector,False,False
8,3499,ALPHA12S,Whelen Alpha Hands Free Siren,False,False
9,3501,AMP-3PK,Standard AMP Pin & Connector Kit  Male,False,False
10,3502,AMP-3SK,Standard AMP Socket & Connector Kit Female,False,False
11,3505,BR-990,Brooking Industries 6 Button Digital Switch Panel,False,False
12,3506,SA-365,Carson SA 365 Defender Siren,False,False
13,3507,SA-361,Carson SA 361 Defender Siren,False,False
14,3509,CRIMPTOOL,AMP Crimping and Stripping Tool,False,False
15,3526,ETFBSSN-P,SoundOff Signal Flashback Taillight Flasher,False,False
16,3529,HOLESAW,"1"" Hole Saw for Head/Tail LED",False,False
17,3534,LD3-PERFOOT,Nova 3 Wire Strobe Cable by the Foot   18 Gauge,False,False
18,3537,BR-930,Brooking Industries 3 Outlet Accessory Box with Lighted Switch,False,False
19,3539,BR-959J,Brooking Industries 6 Function Switch Box,False,False
20,3543,LMTUBE,Nova Linear Microthin Replacement Strobe Tube,False,False
21,3549,PAP112,Whelen Power Air Horn with PA,False,False
22,3551,ETHFSS-SP,SoundOff Signal Select A Pattern Headlight Flasher,False,False
23,3553,RBKTHD1,Whelen Harley Davidson Side Cowl Mounting Kit,False,False
24,3554,RBKTHD2,Whelen Harley Davidson Side Crash Bar Mounting Kit,False,False
25,3557,RBKTHD5,Whelen Harley Davidson Under Headlight Mounting Kit,False,False
26,3558,RBKTHD6,Whelen Harley Davidson Passing/Fog Light Mounting Kit,False,False
27,3563,SC-1012,Carson SC 1012 Volunteer Siren with Switchbox,False,False
28,3564,SC-1022,Carson SC 1022 Volunteer Siren with Built in Switchbox,False,False
29,3583,TACTL5,Whelen Traffic Advisor Control Head,False,False
30,3584,TAM83,Whelen 8 Lamp TIR3 Traffic Advisor with Controller,False,False
31,3585,TAL65,Whelen 6 Lamp LED Traffic Advisor Low Profile with Controller,False,False
32,3586,TAL85,Whelen 8 Lamp LED Traffic Advisor Low Profile with Controller,False,False
33,3596,TURBOASY,Whelen TURBOASY Strobe Tube,False,False
34,3597,UHF2150A,Whelen Headlight/Grille Flasher for Positive or Negative,False,False
35,3598,SSFPOSC6,Whelen Crown Victoria Plug in Headlight Flasher,False,False
36,3600,UFM8,Whelen 8 Outlet Universal Halogen & LED Flasher,False,False
37,3609,WPA1,Whelen WPA1 Full Function Control Head,False,False
38,3610,WPA112,Whelen 100W Waterproof Amplifier,False,False
39,3616,5.556,Sho Me Nine Function Switch Box with Slide Switch,False,False
40,3618,30.021,Sho Me 100W Siren Standard Profile Speaker,False,False
41,3619,30.22,Sho Me Full Feature PLUS Dash Mount Siren (GE Powercall),False,False
42,3620,30.222,Sho Me Warble Whoop Undercover Siren (GE Powercall),False,False
43,3700,LEDFLASHER1,Nova Universal LED Flasher ,False,False
44,3708,30.0219,Sho Me 100W Motorcycle Round Bell Speaker,False,False
45,3808,RUMBLER-3,Federal Signal Rumbler Intersection Clearing System,False,False
46,3809,295SLSA1,Whelen Hands Free Siren with 17 Scan Lock Siren Tones,False,False
47,3810,BETA1,Whelen BETA1 Full Function Control Head,False,False
48,3814,295SLSA6,Whelen Hands Free Siren with 9 Switch Lights,False,False
49,3822,ULF44,Whelen ULF44 LED Flasher with 62 Flash Patterns,False,False
50,3840,FUSEBLOCK,ATO/ATC Ganged Fuse Block for 6 Fuses,False,False
51,3841,FUSEHLDR,Inline Watertight ATO/ATC Fuse Holder,False,False
52,3866,81150,Permatex Dielectric Tune Up Grease,False,False
53,3908,CUP2-1006,Havis Dual External Cup Holder 25° Bend,False,False
54,3909,C-TMW-12E,"Havis 12"" Long 8"" Wide Tunnel Mount Base",False,False
55,3910,C-TMW-15E,"Havis 15"" Long 8"" Wide Tunnel Mount Base",False,False
56,3911,C-TMW-18E,"Havis 18"" Long 8"" Wide Tunnel Mount Base",False,False
57,3916,C-BL-4,Havis 2 or 4 Switch Plate,False,False
58,3919,C-SW-1,Havis Rocker Switch with Light,False,False
59,3922,C-LP2-BL3,Havis 2 Lighter Plug with 2 Switch Plate,False,False
60,3926,CUP-1002,Havis Dual External Cupholder,False,False
61,3927,CUP2-1001,Havis Dual Internal Cup Holder,False,False
62,3928,C-MCB,Havis Microphone Clip Bracket,False,False
63,3929,C-MC,Havis Microphone Clip,False,False
64,3931,ETHFSS-SP-IS0,SoundOff Signal Isolation Headlight Flasher,False,False
65,3932,SA-385,Carson SA 385 Alert Full Feature Siren with PA,False,False
66,3952,31.2515,Sho Me 8 Function Undercover Siren with Mini Controller,False,False
67,3975,SC-409,Carson SC 409 Commander Siren,False,False
68,3976,SC-407,Carson SC  407 Enforcer Siren,False,False
69,3981,PCCS9LW,Whelen Programmable Switch for Liberty II & Freedom IV Lightbars,False,False
70,3983,PCC8R,Whelen 8 Position Key Pad with Remote Relay Module,False,False
71,4013,ST415CP,Star/SVP Clear Hide Away Pop In Strobe Tube,False,False
72,4042,GAMMA2,Whelen Gamma2 Siren/Switchbox,False,False
73,4045,TADCTL1,Whelen TADCTL1 Control Head for use with TAD/TADP,False,False
74,4049,DTA8A,Whelen Dominator 8 Lamp Traffic Advisor  TIR3 Super LED,False,False
75,4050,DTA6A,Whelen Dominator 6 Lamp Traffic Advisor  TIR3 Super LED,False,False
76,4051,TAM63,Whelen 6 Lamp Traffic Advisor  TIR3  Super LED with Controller,False,False
77,4052,DPTA6A,Whelen Dominator Plus 6 Lamp LINZ6 Super LED Traffic Advisor,False,False
78,4053,DPTA8A,Whelen Dominator Plus 8 Lamp LINZ6 Super LED Traffic Advisor,False,False
79,4054,TAZ66,Whelen 6 Lamp LINZ6 Super LED Traffic Advisor with Controller,False,False
80,4055,TAZ86,Whelen 8 Lamp LINZ6 Super LED Traffic Advisor with Controller,False,False
81,4068,604T,Whelen 600 Series Super LED Amber Turn,False,False
82,4069,604BTT,Whelen 600 Series Super LED Brake/Tail/Turn,False,False
83,4073,M62BTT,Whelen M6 Super LED Brake/Tail/Turn,False,False
84,4074,M62T,Whelen M6 Super LED Amber Turn,False,False
85,4075,M62BU,Whelen M6 Super LED Backup/Reverse Light,False,False
86,4076,704BTT,Whelen 700 Super LED Brake/Tail/Turn,False,False
87,4077,704T,Whelen 700 Super LED Amber Turn,False,False
88,4083,69140,Streamlight Vantage C4 LED Helmet Mounted Light,False,False
89,4084,75713,Streamlight Stinger C4 LED Rechargeable Flashlight,False,False
90,4085,44450,Streamlight Fire Vulcan C4 LED Rechargeable Lantern,False,False
91,4088,44900,Streamlight WayPoint Pistol Grip Spotlight with DC Power Cord,False,False
92,4105,BR-935,Brooking Industries Universal Lighted Rocker Switch,False,False
93,4123,9SC0ENZR,Whelen 900 Series Gradient Opti Scenelight,False,False
94,4126,M9LZC,Whelen M9 Super LED Scenelight,False,False
95,4129,70C0ELZR,Whelen 700 Series Gradient Opti Scenelight,False,False
96,4147,ETSA481CSR,SoundOff Signal nERGY 400 Series Multi Function Siren with Knob Control,False,False
97,4150,PSI-12V-PROMAX,PriorityStart! ProMax 12V Battery Protection System,False,False
98,4158,LCS880-016,Star/SVP Handheld Unistar Command Center,False,False
99,4219,TOGGLE5,Universal Lighted Toggle Switch #5,False,False
100,4220,TOGGLE6,Universal Lighted Rocker Switch #6,False,False
101,4222,E66SWITCH,Strobes N' More E66 Switch,False,False
103,4241,HEADSEALER,Double Wall Headlight Adhesive Sealant,False,False
104,4246,HWKIT,Strobes N' More Hardwire Kit,False,False
105,4247,MDASHCPE,Nova Strobe Preemption Dash Light,False,False
106,4252,PA650-650001,Federal Signal 650 Hand Held Siren with Switchbox,False,False
107,4254,ELPBKT2,Strobes N' More Intersector License Plate Bracket,False,False
108,4272,11.1012,Able 2 LED Micro Switch with Momentary Button,False,False
109,4316,295SDA1,Whelen Dual Tone Siren Switchbox,False,False
110,4323,C-ARM-101,Havis Top Mount Arm Rest,False,False
111,4324,C-ARM-102,Havis Side Mount Arm Rest,False,False
112,4325,C-ARM-103,Havis Flip Up Arm Rest,False,False
113,4335,S-2009,Feniex Triton 100W Speaker,False,False
114,4368,PCCS9RW,Whelen 9 Function Switchbox with Slide Switch,False,False
115,4369,WSSMSW3,Whelen 3 Function Waterproof Motorcycle Switch,False,False
116,4370,90LBMAGNET,Universal Round 90 lb. Magnet,False,False
117,4390,WEATHERPAK,Weather Pack Waterproof Connector Kit,False,False
118,4393,C-4200-DL,Feniex 4200 Programable Bluetooth Digital Switchbox,False,False
119,4401,ESWITCH,Strobes N' More On/Off/Flash Switch,False,False
120,4417,MT-200,Bayco Nightstick Mini TAC Pro Flashlight  100 Lumen,False,False
121,4418,MT-220,Bayco Nightstick Mini TAC Pro Flashlight  200 Lumen,False,False
122,4426,SSFPOS,Whelen Universal Headlight Flasher,False,False
123,4427,SSFPOSI6,Whelen Headlight/Taillight Flasher for Chevy Tahoe PPV,False,False
124,4444,SA-500-20,Carson SA 500 Cruiser Siren,False,False
125,4446,HPG-100N,Carson 100 Watt Versatile Speaker,False,False
126,4452,295HFSA7,Whelen Remote Dual Siren Amplifier,False,False
127,4453,ALPHASL,Whelen Alpha Remote Siren,False,False
128,5204,TOGGLE7,Universal Round Rocker Switch #7,False,False
129,5205,TOGGLE8,Universal Round Lighted Rocker Switch #8,False,False
130,5206,TOGGLE9,Universal Round Lighted Rocker Switch #9,False,False
131,5208,EPG4,Strobes N' More Purple E Series LED,False,False
132,5209,EPG12,Strobes N' More Dual Purple E Series LED,False,False
133,5210,EPSW6,Strobes N' More Purple Dash LED,False,False
134,5211,EPDW8,Strobes N' More Purple Dual Dash LED,False,False
135,5212,EPDW12,Strobes N' More Purple Dual Linear Dash LED,False,False
136,5216,BLUESEA5025ST,Blue Sea System Fuse Block  6 Circuits with Negative Bus and Cover,False,False
137,5217,45861,Streamlight E Spot FireBox Rechargeable Lantern,False,False
138,5218,45670,Streamlight Portable Rechargeable Scene Light,False,False
139,5219,88832,Streamlight PolyTac 90 Polymer Flashlight with Gear Keeper,False,False
140,5220,66118,Streamlight Stylus Pro Alkaline Battery Pen Light,False,False
141,5222,16-4WIRE,16 Gauge/4 Sheathed Universal Installation Wire by the Foot,False,False
142,5223,18-8WIRE,18 Gauge/8 Sheathed Universal Installation Wire by the Foot,False,False
143,5227,CG-X,Havis ChargeGuard Select,False,False
144,5304,MAGMIC,Magnetic Mic Microphone Clip,False,False
145,5307,TIGERUNIVMT,Strobes N' More Tiger Universal Mount,False,False
146,5308,TIGERHOODMT,Strobes N' More Tiger Hood Mount,False,False
147,5309,LIONHOODMT,Strobes N' More Lion Hood Mount,False,False
148,5310,LIONUNIVMT,Strobes N' More Lion Universal Mount,False,False
149,5318,DBKT4,Whelen Dominator L Bracket,False,False
150,5319,DBKT3,Whelen Dominator Swivel Mounting Bracket,False,False
151,5338,E4BKT,Strobes N' More E4 Single L Bracket,False,False
152,5342,E3BKT,Strobes N' More E3 Single L Bracket,False,False
153,5343,ELPMT,Strobes N' More E Series License Plate Mount,False,False
154,5346,E6BKT,Strobes N' More E6 Single L Bracket,False,False
155,5347,IONK1B,Whelen ION Swivel Mount,False,False
156,5348,IONPEDB,Whelen ION Pedestal Mount,False,False
157,5349,IONBKT1,Whelen ION Universal License Plate Bracket,False,False
158,5351,IONBKT5,Whelen ION Reversed Universal Mount,False,False
159,5353,TIONBKT2,Whelen ION T Series License Plate Mount,False,False
160,5354,TIONFC,Whelen ION T Series Chrome Flange,False,False
161,5355,MCRNB1,Whelen Micron Universal L Mount,False,False
162,5356,MCRNB2,Whelen Micron Universal License Plate Bracket,False,False
163,5357,V23P20B,Whelen V23 20° Black Surface Mount,False,False
164,5358,V23P20C,Whelen V23 20° Chrome Surface Mount,False,False
165,5359,V23PEDB,Whelen V23 Black Pedestal Mount,False,False
166,5360,V23PEDC,Whelen V23 Chrome Pedestal Mount,False,False
167,5361,2FLANGEB,"Whelen 4"" Round Super LED Black Flange",False,False
168,5362,2FLANGEC,"Whelen 4"" Round Super LED Chrome Flange",False,False
169,5363,2GROMMET,"Whelen 4"" Round Super LED Grommet",False,False
170,5365,5FLANGEB,Whelen 500 Series Black Flange,False,False
171,5366,5FLANGEC,Whelen 500 Series Chrome Flange,False,False
172,5367,5LSMAB,Whelen 500 Linear Black Surface Mount,False,False
173,5368,5TSMAB,Whelen 500 Series TIR6 Black Surface Mount Adapter,False,False
174,5369,5BKT1,Whelen 500 Series Universal L Mount,False,False
175,5370,5GROMMET,Whelen 500 Series Grommet Mount Kit,False,False
176,5371,4FLANGEB,Whelen 400 Series Black Flange,False,False
177,5373,DBKT5,Whelen Dominator Rear Window Mount,False,False
178,5374,M2FB,Whelen M2 Super LED Black Flange,False,False
179,5375,M2FC,Whelen M2 Super LED Chrome Flange,False,False
180,5376,M2GROM,Whelen M2 Super LED Rubber Grommet Mount,False,False
181,5377,M2PEDB,Whelen M2 Super LED Black Pedestal Mount,False,False
182,5378,M2PEDC,Whelen M2 Super LED Chrome Pedestal Mount,False,False
183,5379,4EFLANGE,Whelen 400 Series Chrome Flange,False,False
184,5380,4TSMAB,Whelen 400 Series Black Surface Mount Flange,False,False
185,5381,4TSMAC,Whelen 400 Series Chrome Surface Mount Flange,False,False
186,5382,4EGRILP,Whelen 400 Series Chrome Grille/Pedestal Mount,False,False
187,5383,4EGRILB,Whelen 400 Series Grille/Pedestal Mount,False,False
188,5384,M4FB,Whelen M4 Black Flange,False,False
189,5385,M4FC,Whelen M4 Chrome Flange,False,False
190,5386,M4FC400,Whelen M4 Chrome Flange Adapter for 400 Series,False,False
191,5387,M4BRUSH,Whelen M4 Brush Guard,False,False
192,5388,M4CT15B,Whelen M4 Tahoe Fog Light Mounts,False,False
193,5390,M6FB,Whelen M6 Black Flange,False,False
194,5391,M6FC,Whelen M6 Chrome Flange,False,False
195,5392,M6FC600,Whelen M6 to 600 Series Chrome Flange Adapter,False,False
196,5393,M6BRUSH,Whelen M6 Brush Guards,False,False
197,5394,M7FB,Whelen M7 Black Flange,False,False
198,5395,M7FC,Whelen M7 Chrome Flange,False,False
199,5396,M7FC700,Whelen M7 Chrome Flange Adapter from M7 to 700 Series,False,False
200,5397,M7BRUSH,Whelen M7 Brush Guard,False,False
201,5398,M9FB,Whelen M9 Black Flange,False,False
202,5399,M9FC,Whelen M9 Chrome Flange,False,False
203,5402,6FLANGEB,Whelen 600 Series Black Flange,False,False
204,5403,6EFLANGE,Whelen 600 Series Chrome Flange ,False,False
205,5404,64FKIT,Whelen 600 to 64 Series Mounting Adapters,False,False
206,5405,7FLANGEB,Whelen 700 Series Black Flange,False,False
207,5407,7EFLANGE,Whelen 700 Series Chrome Flange,False,False
208,5408,73FKIT,Whelen 700 to 73 Series Mounting Adapter,False,False
209,5409,90FLANGB,Whelen 900 Series Super LED Black Flange,False,False
210,5410,90FLANGC,Whelen 900 Series Super LED Chrome Flange,False,False
211,5412,SSTARLBKT,Strobes N' More Hide Away L Mount,False,False
212,5413,EHAWFLANGE,Strobes N' More Hide Away Black Flange,False,False
213,5414,EHAWGROM,Strobes N' More Hide Away Rubber Grommet,False,False
214,5416,5FLANGEP,Whelen 500 Series Polished Aluminum Flange,False,False
215,5418,IONBKT4,Whelen ION Rear Spoiler Mount for Ford Utility,False,False
216,5419,IONBKT6,Whelen ION Tahoe Rear Hatch Mounting Brackets,False,False
217,5420,IONGROM,Whelen ION Grommet Mount Kit,False,False
218,5421,F40BAAAA,Whelen Towman's Freedom IV Lightbar,False,False
219,5424,PHOTONBKT,Strobes N' More Photon L Bracket,False,False
220,5425,RBKT1,Whelen TIR3 LIN3 & LINZ6 L Mount,False,False
221,5426,RBKT2,Whelen TIR3  LIN3 & LINZ6 Dual L Mount,False,False
222,5427,RBKT6,Whelen TIR3 LIN3 & LINZ6 Horizontal License Plate Bracket,False,False
223,5428,RBKT7,Whelen TIR3 LIN3 & LINZ6 Vertical License Plate Bracket,False,False
224,5429,RBKT4,Whelen TIR3 & LIN3 Swivel Mounting Bracket,False,False
225,5434,BETA2,Whelen BETA2 Control Head,False,False
226,5435,BETA112R,Whelen BETA Full Function Remote Siren,False,False
227,5436,BETA2BKT,Whelen BETA2 Mounting Bracket,False,False
228,5440,TTHREATSHIELD,Strobes N' More Triple Threat Flashback Shield,False,False
229,5442,E6MINIBKT,Strobes N' More E6 Mini Mounting Bracket,False,False
230,5443,E6MINILOWBKT,Strobes N' More E6 Mini Low Profile Mounting Bracket,False,False
231,5447,ETSA461HPP,SoundOff Signal nERGY Handheld Siren/Switchbox,False,False
232,5449,ED1753,Carson Extension Cable for SC 1022 Siren,False,False
233,5453,EFLOOD1800,Strobes N' More EFlood 1800 Floodlight,False,False
234,5458,DTHREATSHIELD,Strobes N' More Dual Threat Flashback Shield,False,False
235,5464,C-4010,Feniex 4200 Mini Controller,False,False
236,5466,30.03,Able 2 100W Siren Sound Burst Speaker,False,False
237,5500,SSFFP16,Whelen Flasher for 2016+ Ford Interceptor Utility,False,False
238,5509,TOGGLE10,Universal Round Lighted Rocker Switch  #10,False,False
239,5510,TOGGLE11,Universal Lighted Push Switch #11,False,False
240,5555,TAC-560XL,Bayco Rechargeable Xtreme Lumens Metal Multi Function Tactical Flashlight,False,False
241,5561,88039,Streamlight ProTac 2 AAA Tactical Penlight,False,False
243,5576,H-2220,Feniex Emergency Flasher ,False,False
244,5583,AVBKT1,Whelen Low Profile Mounting (Headliner) Bracket for Single Avenger II Series,False,False
245,5584,AVBKT2,Whelen Low Profile Mounting (Headliner) Bracket for Dual Avenger II Series,False,False
246,5585,AVBKT3S,Whelen Visor Mounting Bracket for Single Avenger II Series,False,False
247,5586,AVBKT3D,Whelen Visor Mounting Bracket for Dual Avenger II Series,False,False
248,5587,AVBKT4,Whelen Adjustable Height Bracket Kit for Avenger II,False,False
249,5588,AVBKT5S,Whelen Headliner Mounting Bracket Adjustable for Single Avenger II,False,False
250,5589,AVBKT5D,Whelen Headliner Mounting Bracket Adjustable for Dual Avenger II,False,False
251,5597,DC-2,Deutsch Connector 2 Pin Kit,False,False
252,5609,DC-3,Deutsch Connector 3 Pin Kit,False,False
253,5610,DC-4,Deutsch Connector 4 Pin Kit,False,False
254,5637,WMM6K,Whelen RB6 Series Magnetic Mount Kit ,False,False
255,5640,MIRROR20,Whelen L Series Beacon Mirror Mount,False,False
256,5641,BBKT30,Whelen L31/L32 Beacon Shelf Mount ,False,False
257,5642,L360PMKT,Whelen L31/L32 Pipe Mount,False,False
258,5643,L360BGB,Whelen L31 Branch Guard,False,False
259,5649,MIRROR15,Whelen L50 Series Beacon Mirror Mount,False,False
260,5650,AFL530,Whelen LED Ambulance Flasher,False,False
261,5651,AFM560,Whelen 60 Watt Ambulance Flasher,False,False
262,5652,AFM1660,Whelen 16 Outlet Ambulance Flasher,False,False
263,5654,T0CACCCR,"Whelen 2"" Compartment Super LED Lighthead",False,False
264,5655,TFLANGEB,"Whelen 2"" Round Series Black Flange",False,False
265,5656,TFLANGEC,"Whelen 2"" Round Series Chrome Flange",False,False
266,5657,TGROM2,"Whelen 2"" Round Series Grommet Mount",False,False
267,5659,3FLANGEC,"Whelen 3"" Round Chrome Flange",False,False
268,5660,3GROMMET,"Whelen 3"" Round Grommet Mount",False,False
269,5664,2GBKT1,Whelen 2G Series L Bracket Mount,False,False
270,5665,20R00XRR,"Whelen 4"" Round Brake/Tail/Turn 5mm LED",False,False
271,5669,20C0CDCR,"Whelen 4"" Round Compartment LED",False,False
272,5673,404BTT,Whelen 400 Series LED Brake/Tail/Turn ,False,False
273,5675,404T,Whelen 400 Series Super LED Amber Turn,False,False
274,5680,5GC0CCCR,Whelen 5G White Super LED Compartment Light,False,False
275,5681,5GC00WCR,Whelen 5G Series Super LED Reverse Light,False,False
276,5682,5GFLANGC,Whelen 5G Series Chrome Flange Kit,False,False
277,5683,5GFLANGB,Whelen 5G Series Black Flange Kit,False,False
278,5684,5GBKT1,Whelen 5G Series L Bracket,False,False
279,5688,70K000ZR,Whelen 700 Series Snap In Halogen Opti Scenelight,False,False
280,5689,7CAST3,Whelen 700 Series 3 Lamp Aluminum Housing,False,False
281,5690,60K000XR,Whelen 600 Series Snap In Halogen Opti Scenelight,False,False
282,5691,CAST3,Whelen 600 Series 3 Lamp Aluminum Housing,False,False
283,5692,60J000CR,Whelen 600 Series Snap In Halogen Backup Light,False,False
284,5693,90E000ZR,Whelen 900 Series Snap In Halogen Opti Scenelight,False,False
285,5694,90J000CR,Whelen 900 Series Snap In Halogen Backup Light ,False,False
286,5696,9FLANGEB,Whelen 900 Series Black Flange,False,False
287,5697,9EFLANGE,Whelen 900 Series Chrome Flange,False,False
288,5698,97FKIT,Whelen 900 to 97 Series Mounting Converter,False,False
289,5713,TIONBKT1,Whelen ION T Series L Bracket,False,False
290,5714,TIONBKT4,Whelen ION T Series Dual L Bracket,False,False
291,5730,PMP2WDG35B,SoundOff Signal mpower 35° Mount,False,False
292,5731,PMP2BRK2LPV,SoundOff Signal mpower Stud Mount License Plate Bracket,False,False
293,5732,PMP2BKQCLP,SoundOff Signal mpower Quick Clip Mount,False,False
294,5733,PMP2BKDGAJ,SoundOff Signal mpower 90° Adjustable Bracket,False,False
295,5734,PMP2WSSSB,SoundOff Signal mpower 25° 90° Window Shroud,False,False
296,5741,PFLASH,Whelen Pioneer Flasher with Multiple Flash Patterns,False,False
297,5744,SP123BMC,Whelen Chrome Bumper Mount Speaker,False,False
298,5748,SA340TS,Whelen SA 340TS Speaker,False,False
299,5749,TANF65,Whelen 6 Lamp Linear LED Traffic Advisor,False,False
300,5750,TANF85,Whelen 6 Lamp Linear LED Traffic Advisor with 2 End Flashing Super LED,False,False
301,5753,TACF85,Whelen 8 Lamp CON3 Super LED Traffic Advisor with 2 End Flashers,False,False
302,5758,L31HGF,Whelen Green L31 Flat Mount Super LED Beacon,False,False
303,5761,0SG00MCR,Whelen Green Marker/Clearance Light with Clear Lens,False,False
304,5768,70G02FGR,Whelen Green 700 Series Super LED Lighthead,False,False
305,5769,IONG,Whelen Green ION Series Super LED Universal Light,False,False
306,5770,IONSMG,Whelen Green ION Surface Mount Series Super LED,False,False
307,5772,M4G,Whelen Green M4 Series Linear Super LED Surface Mount,False,False
308,5778,60G02FGR,Whelen Green 600 Series Super LED Lighthead,False,False
309,5779,M6GC,Whelen Green M6 Series Linear Super LED Surface Mount,False,False
310,5781,MCRNSG,Whelen Green Micron Series Super LED Lighthead,False,False
311,5784,EFLOODSS,Strobes N' More Side Shooter Floodlights,False,False
313,5791,SNMLEDFLASHER,Strobes N' More 6 Output LED Flasher,False,False
314,5796,SSTARFLOOD,Strobes N' More Surface Star Floodlight,False,False
315,5797,EFLOODMINI,Strobes N' More EFlood Mini Surface Mount,False,False
316,5798,EFLOODAREA,Strobes N' More Area Side Light,False,False
317,5814,Q-4216,Feniex Fusion S License Plate Bracket,False,False
318,5815,FN-4616,Feniex Fusion Recessed Mount,False,False
319,5816,H-3219,Feniex Cannon Bezel Kit,False,False
320,5817,274-ULB9BKT,Star/SVP Mini Phantom Mounting Kit,False,False
321,5821,THREATMNTKIT,Replacement Window Mount for Threat Dash Lights,False,False
322,5822,E6SWVBKT,Strobes N' More E6 Swivel Bracket,False,False
323,5824,AVC11G,Whelen Green Avenger II SOLO Single Combination Linear/TIR Super LED Dash Light,False,False
324,5837,I-36009,Feniex T3 L Bracket,False,False
325,5841,C6FC,Whelen C6 SurfaceMax Chrome Flange,False,False
327,5847,C7FC,Whelen C7 SurfaceMax Chrome Flange,False,False
328,5848,C7FB,Whelen C7 SurfaceMax Black Flange,False,False
329,5852,C9FC,Whelen C9 SurfaceMax Chrome Flange,False,False
330,5853,C9FB,Whelen C9 SurfaceMax Black Flange,False,False
331,5861,EFLOOD5600X,Strobes N' More EFlood 5600 X Series Floodlight,False,False
332,5884,500LTUBE,Whelen 500 Series Linear Strobe Tube/Reflector Assembly,False,False
333,5889,NSP-4650B,Bayco Nightstick Helmet Mounted Dual Light Flashlight,False,False
334,5897,CENATOR,Whelen Cenator Lightbar Custom Build,False,True
335,5898,JF0FAAAA,Whelen Towman's Justice Lightbar   Fully Loaded!,False,False
336,5900,01-026G823-11S,Whelen Freedom IV Economy Module,False,False
337,5921,I-36109,Feniex T3 Double L Bracket,False,False
338,5922,I-29009,Feniex T3 License Plate Mount,False,False
339,5923,D-04409,Feniex T3 Rotating Bracket,False,False
340,5924,Q-4116,Feniex Fusion S Double L Bracket,False,False
341,5925,FN-4316,Feniex Fusion Rotating Bracket,False,False
342,5926,Q-4516-SM,Feniex Fusion S Window Mount Bracket,False,False
343,5927,FN-4416,Feniex Lightstick Headliner Mount,False,False
344,5928,FN-4516-LS,Feniex Lightstick Window Mount,False,False
345,5929,FN-1117,Feniex Lightstick End Cap Mount,False,False
346,5948,VTXFB,Whelen Vertex Black Flange,False,False
347,5949,VTXFC,Whelen Vertex Chrome Flange,False,False
348,5958,RGROMMET,Whelen TIR3 LIN3 LINZ6 & LINV2 Rubber Grommet,False,False
349,5961,RFLANGCD,Whelen TIR3 & LIN3 Deep Chrome Plated Flange,False,False
350,5962,RFLANG2C,Whelen TIR3 & LIN3 Dual Chrome Plated Flange,False,False
351,5968,EHAW-EXT,Strobes N' More 10' Extension Cable,False,False
352,5970,RFLANG2B,Whelen TIR3 & LIN3 Dual Black Flange Kit,False,False
353,5972,M2KTHD1,Whelen Harley Davidson Electra Glide/Road King M2 License Plate Bracket,False,False
354,5973,RBKTHD7,Whelen Harley Davidson Electra Glide Passing/Fog 90° Mount,False,False
355,5974,RBKTHD8,Whelen Harley Davidson Electra Glide Passing/Fog 90° & 45° Mount,False,False
356,5975,RBKTHD9,Whelen Harley Davidson Rear Crash Bar Mount,False,False
357,5978,IONHDSS,Whelen Harley Davidson ION Saddle Bag Mounts,False,False
358,5979,TCRBHD1,Whelen Harley Davidson Tracer Under Saddle Bag Mount,False,False
373,5996,74611,Streamlight Strion DS HL Rechargeable Dual Switch Flashlight,False,False
381,6028,C-MAP-T-LED,"Havis 12"" Gooseneck LED Map Light",False,False
382,6029,C-USB-3,Havis Dual USB Charge Module,False,False
383,6030,C-LP2-USB-BL2,Havis 2 Lighter Plug Outlet with USB,False,False
384,6036, RFLANGEC,Whelen TIR3 & LIN3 Chrome Plated Flange,False,False
385,6039,75456,Streamlight Stinger DS LED HL Rechargeable Dual Switch Flashlight,False,False
386,6045,EFLOOD20,Strobes N' More EFlood 20 Watt Surface Mount,False,False
387,6047,EFLOOD10,Strobes N' More EFlood 10 Watt Surface Mount,False,False
389,6049,BLAZE,Strobes N' More Blaze Steady/Strobe Flashlight,False,False
390,6058,PSFC,Whelen Strip Lite Plus Chrome Flange,False,False
391,6059,PSBKT45,Whelen Strip Lite Plus 45° Mounting Bracket,False,False
392,6060,PSBKT2,Whelen Strip Lite Plus Branch Guard,False,False
393,6067,WL-0118,Feniex AM900 Work Light,False,False
394,6068,S-5018,Feniex Titan 30 Watt Siren/Speaker,False,False
395,6099,ALGT61D-TOW5FC,"Federal Signal 61"" Allegiant  Amber with White Front Flood Red STT Work and Bed Light Flood",False,False
396,6143,EFLOOD5050,Strobes N' More EFlood 5050 Diffused Floodlight,False,False
397,6145,COBRA-FLANGE,Strobes N' More Cobra Flange,False,False
398,6150,Q-9717-HM,Feniex Fusion S Hood Bracket,False,False
399,6153,FS-0416,Feniex Fusion S 400 Green Lightstick,False,False
400,6155,FS-0816,Feniex Fusion S 800 Green Lightstick,False,False
401,6196,E68TA,Strobes N' More E68 Traffic Advisor LED Stick with Controller and Removable Optics!,False,False
402,6201,TIONMFC,Whelen ION Mini T Series Chrome Flange,False,False
403,6202,TIONMLB,Whelen ION Mini T Series Black Flange to Replace LINZ6,False,False
404,6203,TIONMGRM,Whelen ION Mini T Series Grommet Mount Kit,False,False
405,6204,TIONMLC,Whelen ION Mini T Series Chrome Flange to Replace LINZ6,False,False
406,6205,TIONMBK1,Whelen ION Mini T Series Vertical Mount License Plate Bracket,False,False
407,6206,TIONMBK2,Whelen ION Mini T Series Horizontal Mount License Plate Bracket,False,False
408,6207,TIONMBK4,Whelen ION Mini T Series Universal Over/Under L Mount,False,False
409,6211,X600,Strobes N' More X600 Floodlight,False,False
410,6212,WL-0118,Strobes N' More X1600 Floodlight,False,False
411,6213,X3100,Strobes N' More X3100 Floodlight,False,False
412,6220,PSBKT90,Whelen Strip Lite Plus 90° Mounting Bracket,False,False
413,6221,PSXLBKT2,Whelen Strip Lite Plus XL Branch Guard,False,False
414,6222,C6SL,Whelen C6 SurfaceMax Super LED Scenelight,False,False
415,6223,C7SL,Whelen C7 SurfaceMax Super LED Scenelight,False,False
416,6224,RBKT14,Whelen TIR3 LIN3 & LINZ6 Chevy Silverado Above the Rear Taillight Mount,False,False
417,6230,E68TA-CABLE,Strobes N' More E68TA 20' Extension Cable,False,False
419,6237,PHOTON-RW,Strobes N' More Photon Split Red/White LED Lighthead,False,False
420,6238,PHOTON-AW,Strobes N' More Photon Split Amber/White LED Lighthead,False,False
421,6247,DSM,Feniex Dual Stack Surface Mount Bezel,False,False
425,6285,H-4219,Feniex Cannon 360° Optic Kit V3,False,False
426,6317,GARAGE-SH3904,Star Pak® Remote Strobe Round Head w/ Clear Lens,False,False
427,6328,IWDSA,Whelen Single Color Short 3 Super LED Lighthead,False,False
428,6329,ITTS,Whelen Two Short Super LED Take Down Lights (For Permanent Mount Only),False,False
429,6330,ITA,Whelen Two Super LED Alley Lights (For Permanent Mount Only),False,False
430,6331,ITTSA,Whelen Two Short Super LED® Take Down and Alley Lights (For Permanent Mount Only),False,False
431,6339,Al-1018,Feniex Al Cube,False,False
432,6340,BA-0119,Feniex Shield 14W Back Up Alarm,False,False
433,6341,S-1019,Feniex Vanguard 100W Speaker,False,False
434,6342,PL-1519,Feniex Torch Pole Light,False,False
435,6343,D-7900,Feniex Down Lux 9x7,False,False
436,6344,D-4600,Feniex Down Lux 6x4,False,False
437,6345,D-3700,Feniex Down Lux 7x3,False,False
439,6354,SECURE,Strobes N' More Secure Mount,False,False
440,6355,Q-1120,Feniex Quad 1x Dashlight,False,False
441,6356,Q-2120	,Feniex Quad 2x Dashlight,False,False
442,6357,Q-0120,Feniex Quad 100 Stick Light,False,False
443,6358,Q-0220	,Feniex Quad 200 Stick Light,False,False
444,6365,QSM-8101	,Feniex Quad QSM Surface Mount,False,False
446,6376,Q-0020,Feniex Quad Converter,False,False
447,6378,SIDELIGHTMINI,Strobes N' More Side Light Mini,False,False
449,6380,LABOR125,Installation,False,False
450,6381,LABORMPA,Installation MPA,False,False
451,6383,checkout_fee_product,Checkout Fee Product,False,False
452,6385,MKEZ29,Whelen Permanent Feet Mount ,False,False
456,6404,CCTL6,CenCom CORE CCTL6 Control Head,False,False
457,6405,CCTL7,CenCom CORE CCTL7 Control Head,False,False
458,6420,CCTL5,CenCom CORE CCTL5 Control Head,False,False
459,6421,GALMAG,Galaxy Magnet Mount Kit Price Valid with Purchase of Bar ONLY,False,False
460,6422,MILLPERMMT,Millennium Minibar Permanent Mount,False,False
461,6426,FN-5016,Feniex Strap Kit FN 5016,False,False
462,6427,FN-5316,Feniex Strap Kit FN 5316,False,False
463,6429,FN-5019,Feniex Strap Kit FN 5019,False,False
464,6430,FN-9927-AF,Feniex Adjustable Mount FN 9927 AF,False,False
465,6431,CCTRIM,Cencom Control Head Trim Ring CCTRIM,False,False
466,6432,LCPHOTO,Logic Level Photocell LCPHOTO,False,False
467,6433,WPA2,Whelen WPA2 Marine Rated Control Head,False,False
468,6435,EBEACONMAG,Ebeacon Elite Magnet Mount Kit,False,False
469,6437,E6-AMBER,Strobes N' More E6 Amber,False,False
471,6441,E64FLOOD-AMBER,Strobes N' More E64 Amber Flood/Warning LED Stick,False,False
472,6442,E66FLOODAMBER,Strobes N' More E66 Amber Flood/Warning LED Stick,False,False
473,6443,VE6-AMBER,Strobes N' More E6 Amber LED Vertical Mount Lighthead,False,False
474,6446,TLMIA,Whelen ION Mini T Series Amber Promo,False,False
475,6449,CTA,WeCanX Core Traffic Advisor Remote Module,False,False
476,6450,CEXAMP,WeCanX External Siren Amplifier,False,False
477,6467,MOUSEPAD,Mouse Pad,False,False
478,6469,WATER-BOTTLE,Water Bottle,False,False
479,6472,TOUCH6,TOUCH 6,False,False
480,6474,Q-4016,Feniex Fusion Quad L Bracket,False,False
481,6476,FENIEXONE,Feniex One Siren / Switchbox / Command Center ,False,False
482,6477,WCCP,Whelen WeCan Control Point,False,False
483,6484,SH6LBKT,Strobes N' More S Series L Bracket,False,False
484,6489,TAILGATOR15,Strobes N' More TailGator 15 Promo,False,False
485,6493,MERCURY,Strobes N More Mercury 30 Watt Siren/Speaker,False,False
520,6529,,,False,False
533,6542,C-4017MB,Thyphoon Siren Swivel Mount,False,False
538,6547,MNCT-SD,Federal Signal Pathfinder 1/4 Mic Jack,False,False
539,6548,RMK,Federal Signal Pathfinder Remote Extension Kit,False,False
545,6558,PSXLFC,Whelen Strip Lite Plus Chrome Flange for PSTANK,False,False
547,6560,PSXBKT2,Whelen Strip Lite Plus PSTANK Branch Guard ,False,False
549,6562,HWLRB25,Whelen Howler Bracket 2017 2020 Chevy Tahoe,False,True
560,6573,ARGFM,FLAT MOUNT ARGES SPOTLIGHT,False,False
561,6574,ARG49D,DRIVER SIDE FENDER MOUNT  CHEVY SILVERADO 1500,False,False
562,6575,ARG49BD,DRVR FENDER MT 2020 21 SILVERADO HD 2500/2500,False,False
563,6576,ARG45D,DRVR FENDER MT CHEVY TAHOE 2015 2020 ,False,False
564,6577,ARG45P,PASS FENDER MT CHEVY TAHOE 2015 2020,False,False
565,6578,ARG54D,DRVR FENDER MT 2021 TAHOE,False,False
566,6579,ARG54P,PASS FENDER MT 2021 TAHOE,False,False
567,6580,ARG35D,DRVR FENDER MT DODGE CHARGER,False,False
568,6581,ARG44D,DRVR FENDER MT DODGE DURANGO,False,False
569,6582,ARG42D,DRVR FENDER MT 19 RAM 1500 CL,False,False
570,6583,ARG53D,DRVR FENDER MT '20 FORD ESCAPE,False,False
571,6584,ARG34D,DRVR FENDER MT INTERCEPTOR SUV,False,False
572,6585,ARG50D,DRVR FENDER MT INTERCEPTOR SUV,False,False
573,6586,ARG50P,PASS FENDER MT INTERCEPTOR SUV,False,False
574,6587,ARG47CD,DRVR FENDER MT 2021 FORD F 150,False,False
575,6588,ARG47BD,DRVR FENDER MT 2019 F 250/350,False,False
576,6589,ARG47BP,PASS FENDER MT 2019 F 250/350,False,False
577,6590,ARG48D,DRVR FENDER MT 2019 EXPEDITION,False,False
578,6591,ARGLB1,LIGHTBAR MOUNT ARGES SPOTLIGHT,False,False
579,6592,ARGLB2,LIGHTBAR MOUNT ARGES SPOTLIGHT,False,False
583,6596,LSVBKT45,† Chevy Tahoe/Suburban  2015 2020  Under the Side View Mirror Mount for two LINSV2™ Series Sold Separately  Pair,False,False
584,6597,LSVBKT54,Chevy Tahoe 2021 Under the Side View Mirror Mount for two LINSV2™ Series Sold Separately Pair,False,False
585,6598,LSVBKT13,† Chevy Silverado 1500/2500 2014 2018  Under the Side View Mirror Mount for Two LINSV2™ Series Sold Separately  Pair,False,False
586,6599,LSVBKT35,Dodge Charger 2011 2021 Under the Side View Mirror Mount for Two LINSV2™ Series Sold Separately  Pair (When Used with Mirror Beam™s  Housing Modification maybe Required),False,False
587,6600,LSVBKT44,Dodge Durango  2013 2021  Under the Side View Mirror Mount for Two LINSV2™ Series Sold Separately  Pair,False,False
588,6601,LSVBKT42,Dodge Ram 1500 2011 2018 and Ram 1500 Classic 2019 2021 Under the Side View Mirror Mount for Two LINSV2™ Series Sold Separately  Pair,False,False
589,6602,LSVBK47C,NEW Ford F 150 2021 Under the Side View Mirror Mount for Two LINSV2™ Series Sold Separately Pair (Does not Work with 360° Camera Package),False,False
590,6603,LSVBKT47,Ford F 150  2015 2020 Under the Side View Mirror Mount for Two LINSV2™ Series Sold Separately  Pair (Does not Work for F 150 2019 2020 if Passenger Side View Mirror has a Sensor),False,False
592,6605,LSVBKT34,† Ford Police Interceptor Utility 2013 2019 Under the Side View Mirror Mount for Two LINSV2™ Series Sold Separately Pair (For use with Ford's Factory Side Marker LED Side View Mirror Option),False,False
602,6618,5BRUSH,Whelen 500 Series Brush Guard,False,False
610,6634,STOPTL12,Whelen STOPTL12 Replacement Bulb,False,False
611,6635,BN-0118-MM,Feniex AM600 Magnet Mount,False,False
612,6636,BN-0118-PM,Feniex AM600 Pole Mount,False,False
613,6637,ARG47D,DRVR FENDER MT 2019 FORD F 150,False,False
614,6639,C399RK1,Whelen Core R K1 Install Kit,False,False
615,6640,C399RK2,Whelen Core R K2 Install Kit ,False,False
616,6641,C399RK3,Whelen Core R K3 Install Kit,False,False
617,6642,C399RK4,Whelen Core R K4 Install Kit,False,False
618,6643,C399RK5,Whelen Core R K5 Install Kit,False,False
619,6644,C399RK6,Whelen Core R K6 Install Kit,False,False
620,6645,C399RK7,Whelen Core R K7 Install Kit,False,False
621,6646,CALENDAR,2022 Calendar,False,False
623,6648,C399K1,Whelen Core K1 Install Kit,False,False
624,6649,C399K2,Whelen Core K2 Install Kit,False,False
625,6650,C399K3,Whelen Core K3 Install Kit,False,False
626,6651,C399K4,Whelen Core K4 Install Kit,False,False
627,6652,C399K5,Whelen Core K5 Install Kit,False,False
628,6653,C399K6,Whelen Core K6 Install Kit,False,False
629,6654,C399K7,Whelen Core K7 Install Kit,False,False
630,6656,30.21,Ale 2 Show Me Full Feature Siren,False,False
631,6657,TAC-510XL,Bayco Nightstick TAC 510XL Polymer Multi Function Flashlight,False,False
633,6659,CCP9,Whelen Core C,False,False
634,6660,EFLOOD5K,Strobes N' More EFlood 5K Floodlight,False,False
635,6683,FN-9916-M-P,Feniex Permanent Mount FN 9916 M P,False,False
636,6684,FN-9816-M-H,Feniex Headache Mount FN 9816 M H,False,False
637,6685,FN-5116,Feniex Strap Kit FN 5116,False,False
638,6686,FN-5021,Feniex Strap Kit FN 5021,False,False
639,6687,FN-9716-M-F,Feniex Standard Foot Mount FN 9716 M F ,False,False
640,6688,CFLOOD,CFLOOD ,False,False
641,6689,CWEDGE,CWEDGE  30º gasket accessory for CFLOOD,False,False
642,6691,TIONHDRS,Whelen Harley Davidson TION Rear Saddle Bag Mounts,False,False
643,6692,SNMESTICKKIT,Strobes N More E Series Stick Mounting Kit,False,False
644,6693,TOUCH4,Strobes N More Touch 4 Programmable Switchbox,False,False
647,6705,STPKT95,Colorado / 2015 2022 / Legacy®  Liberty™ II and Freedom® IV 48” 50” or Justice 55”,False,False
648,6706,STPKT96,Suburban (Roof Rack Mount) / 2015 2020 / 55” 60”,False,False
649,6707,STPKT101,Tahoe / 2021 2023 / 54” 56” (Not for Use with Factory Roof Rack Rails),False,False
650,6709,STPKT91,Silverado 1500 / GMC 1500 Pickup / 2014 2018 / 54” 56”,False,False
651,6710,STPKT93,Tahoe / 2015 2020 / 54” 56”,False,False
652,6711,STPKT101,Tahoe / 2021 2023 / 54” 56” (Not for Use with Factory Roof Rack Rails),False,False
653,6712,STPKT69,Charger / 2005 2010 / 48” 50”,False,False
654,6713,STPKT82,Charger / 2011 2023 / 48” 50”,False,False
655,6714,STPKT85,Durango / 2011 2023 / 48” 50”,False,False
656,6715,STPKT62,Durango  2004 2010 / 48” 50”,False,False
657,6716,STPKTJ62,Durango  Adjustable Leveling Foot / 2004 2010 / 48” 50”,False,False
658,6717,STPKT86,Ram 1500 / 2012 2018 / Ram 1500 Classic / 2019 2021 / Ram 2500/3500 / 2019/ 54” 56”,False,False
659,6718,STPKT102,Ram 1500 / 2019 2021 (Not for the 2019 Ram 1500 Classic) / 54” 56”,False,False
660,6719,STPKT107,Escape / 2020 2022 / 48” 50”,False,False
661,6720,STPKT89,Escape / 2013 2019 / 48” 50”,False,False
662,6721,STPKT38,Excursion For Edge® Series / 2000 2006 / 55” 60”,False,False
663,6722,STPKT98,Expedition / 2018 2022 / 54” 56”,False,False
664,6723,STPKT98,Expedition / 2018 2022 / 54” 56”,False,False
665,6725,STPKT94,F 150 / 2015 2022 Ford F 150 Lightning 2022 / Liberty™ II 54” Legacy® 54” Freedom® IV 55” and Justice® 62”,False,False
666,6726,STPKT94,F 150 / 2015 2021 / Original Liberty™ 54” (Not Liberty™ II) or Justice® 56”,False,False
667,6727,STPKT38L,F 250/F 350/F 450/F 550 Super Duty / 1999 2016 / 54”  Edge® Only,False,False
668,6728,STPKT88,Fusion / 2013 2020 / 48” 50”,False,False
669,6729,STPKT108,NEW Ford Mach E / 2021 2022 / (not for use with Panoramic Roof Option) / 2021  2022 / 48”,False,False
670,6730,STPKTJ105,Police Interceptor Utility  Adjustable Leveling Foot / 2020 2022 / Liberty™ II legacy®  Freedom® IV 48” 55”  and Justice® 56”,False,False
671,6731,STPKT105,Police Interceptor Utility  2020 2022 / Liberty™ II  Legacy®  Freedom® IV 48” 55”  and Justice® 56”,False,False
672,6732,STPKT83,Police Interceptor Utility / 2013 2019 / 48” 55”,False,False
673,6733,STPKT104,Ranger 2019 2021 / 48”  50”,False,False
674,6734,STPKTJ104,Ranger  Adjustable Leveling Foot / 2019 2021 / 48”   50”,False,False
675,6735,STPKT99,Camry / 2017 2019 / 48” 50”,False,False
676,6736,MKEZ97,Tacoma / 2016 2021 / 48”,False,False
677,6737,MKEZ100,Tundra / 2017 2021 / 54” 56”,False,False
682,6750,79-00015-04,Fusion Mini Bar Permanet Mount,False,False
683,6752,TOUCH7,SNM Touch 7 Fully Programmable Switchbox,False,False
684,6770,CM006986,Trim Panel For C VS 1400 INUT Console When Utilized With The ICS System,False,False
685,6812,PMPSABK005,Sound Off Signal 3rd Brake Light Bezel,False,False
687,6816,QT-8820,Feniex Quantum ® Rocker Panel LED Light,False,False
688,6817,QT-0820,Feniex Quantum® 800 4 Color Quad Stick,False,False
689,6818,QT-0620,Feniex Quantum® 600 4 Color Quad LED Stick,False,False
690,6819,QT-0420,Feniex Quantum® 400 4 Color Quad 400 Stick,False,False
691,6823,QT-6120,"Feniex Quantum® 14"" Mini 4 Color Quad Lightbar",False,False
695,6834,FN-8118MCD, Fusion Mini X Lightbar Dual Color (Blue / White Only),False,False
701,6851,TIONHDSS,Whelen T ION Side Saddle mag MNT Kit,False,False
702,6852,TIONHDHM,Whelen H D Under HeadLT MT Kit T ION,False,False
703,6853,IONVHDHM,Whelen H D Under HeadLT MT Kit ION V,False,False
704,6854,P32HD1,Whelen Anti Rotation Ring Par 32/36,False,False
708,6864,MBADPT14,Whelen MB4/6 Adapter Plate 14 ,False,False
709,6879,MBAJ101,Tahoe / 2021 2023 / 54” 56”  Black Straps (Not for Use with Factory Roof Rack Rails),False,False
710,6880,CCP,Whelen WeCan X Control Point,False,False
711,6881,STPBT82,Charger / 2011 2023 / 48” 50” Black Straps,False,False
712,6882,STPBT85,Durango / 2011 2023 / 48” 50” Black Straps,False,False
713,6884,STPKT85,Durango / 2015  2023 / 48” 50”,False,False
714,6886,STPBTJ85,Durango Adjustable Feet Straps Black 2015  2023 / 48” 50”,False,False
715,6888,STPBT108,Ford Mach E (not for use with Panoramic Roof Option) / 2021 2022 / 48”  Black Straps,False,False
716,6889,STPBT105,Police Interceptor Utility / 2020 2022 / 54” 56”  Black Straps,False,False
717,6891,STPBT105,Police Interceptor Utility  Adjustable Leveling Foot / 2020 2022 / Liberty™ II  Legacy®  Freedom® IV 48” 55” and Justice® 56”  Black Straps,False,False
718,6892,STPKT95,Colorado / 2015   2022 / 48” 50”,False,False
719,6893,STPKT91,Silverado 1500 / GMC 1500 Pickup / 2015 2018 / 54” 56”,False,False
720,6895,STPKT93,Tahoe / 2015 2020 / 54” 56”,False,False
721,6896,STPKT82,Charger / 2011 2023 / 48” 50”,False,False
722,6897,STPBT82,Charger / 2011 2023 / 48” 50”  Black Straps,False,False
723,6900,STPKT94,Ford F 150 / 2015 2022  Ford F 150 Lightning 2022 / F 250/F 350 / 2017 2023  F 450/F 550 Super Duty / 2017 2023   F600/ 2018 2023 / Liberty™ II 59”  Freedom® IV 60”  Justice® 62”,False,False
724,6902,STPBT94,Ford F 150  2015 2022  Ford F 150 Lightning 2022 / F 250/F 350 / 2017 2023 F 450/F 550 Super Duty / 2017 2023 F 600 2018  2023 / Liberty™ II 59”  Freedom® IV 60”  Justice® 62” Black Straps,False,False
725,6904,STPBTJ94,Ford F 150  Adjustable Foot Straps Black 2015 2022  Ford F 150 Lightning 2022 / F 250/F 350 /2017 2023 F 450/F 550 Super Duty / 2017 2023  F600/ 2018 2023 / 2017 2021 / Liberty™ II 54”  Legacy® 54” Freedom® IV 55” and Justice® 62”,False,False
726,6908,RMKEZ7,Whelen E Z LIGHTBAR MOUNT KIT 1 1/2” Permanent Mount,False,False
727,6909,MKAJ7,Whelen ADJ LIGHTBAR MOUNT KIT Adjustable Leveling Foot for 1 1/2” Permanent Mount / ALL,False,False
728,6910,RMK8H,"Whelen MOUNT KIT #8  5"" HIGH (PAIR) 5” Permanent Mount (Cast Aluminum) / ALL / ALL",False,False
729,6911,RMK9S,Whelen Slide Bolt Mounts for use on 48” 55” Lightbars,False,False
730,6912,RMK20S,Whelen Slide Bolt Mounting Brackets to use on 60+” Lightbars,False,False
731,6915,STPEA69,Whelen Straps and Bolts Only for MKEA69 Mounting Kit Charger / 2005 2010,False,False
732,6916,RMKEZ7,Whelen Replacement 1 1/2” Permanent Mounting Kit,False,False
733,6917,RMK9S,Whelen Replacement Slide Bolt Mounting Kit #9S (2 ea.),False,False
734,6918,RMK20S,Whelen Replacement Slide Bolt Mounting Kit #20S (3 ea.),False,False
735,6922,RMKEZ29 ,Whelen Replacement 1 1/2” Mounting Foot with Strap Hardware (Straps Purchased Separately),False,False
736,6934,ENFLB00VWH,SoundOff Signal nFORCE Amber LED Lightbar Special ,False,False
737,6936,CV2V,Whelen WeCanX Vehicle To Vehicle Module,False,False
738,6946,C399K8,Whelen Core K8 Install Kit ,False,False
739,6947,C399K9,Whelen Core K9 Install Kit ,False,False
740,6948,C399RK8,Whelen Core R K8 Install Kit ,False,False
741,6949,C399RK9,Whelen Core R K9 Install Kit  ,False,False
742,6952,CEM4HC,Whelen WeCanX High Current Remote Expansion Module,False,False
743,6953,CCTLHARN,Whelen CenCom Core® Control Head Harness Kit ,False,False
744,6954,WCCBL100,Whelen WeCanX® Communication Cable Bulk  100’,False,False
745,6955,9SX,Whelen Edge® 9x Series Super LED® Lightbars,False,True
746,6957,VTX609M,Whelen Vertex Hide Away with Flasher BLOW OUT!,False,False
747,6958,Q-2222,FeniexQuad Cannon 4 Color Hide Away,False,False
748,6959,Q-1222,Feniex QUAD T3 Surface Mount,False,False
749,6973,VTX609A,Whelen Amber Vertex Hide Away with Flasher,False,False
750,6977,GARAGE-TLIRX,Closeout  Red Whelen ION T Series Linear Surface Mount with Smoked Lense,False,False
751,6980,PMP2WSDDB,SoundOff Signal mpower 25°90° Window Shroud for 2 LEDs,False,False
752,6986,T6DL-R,Tiger 6 LED Dash Light  RED,False,False
753,6987,T6DL-B,Tiger 6 LED Dash Light  BLUE,False,False
754,6988,T6DL-A,Tiger 6 LED Dash Light  AMBER,False,False
755,6989,T6DL-AW,Tiger 6 LED Dash Light  AMBER/WHITE,False,False
756,6990,T6DL-RW,Tiger 6 LED Dash Light RED/WHITE,False,False
757,6991,T6DL-RB,Tiger 6 LED Dash Light RED/BLUE,False,False
758,7005,keychain-tool-light,Keychain Multi tool,False,False
759,7007,cleaning-cloth,Whelen Cleaning Cloth,False,False
761,7010,IW2RRRR,"Whelen Liberty II SOLO Lightbar 54""  IW2RRRR",False,False
762,7011,IW2BRBR,"Whelen Liberty II SOLO Lightbar 54""  IW2BRBR",False,False
763,7012,IW8RRRR,"Whelen Liberty II SOLO Lightbar 48""  IW8RRRR",False,False
764,7013,IW8BBBB,"Whelen Liberty II SOLO Lightbar 48"" IW8BBBB",False,False
765,7014,IW8RBRB,"Whelen Liberty II SOLO Lightbar 48""  IW8RBRB",False,False
766,7015,BW2BRBR,"Whelen Liberty II SOLO Lightbar 54""  BW2BRBR",False,False
767,7016,BW2BBBB,"Whelen Liberty II SOLO Lightbar 54""  BW2BBBB",False,False
768,7017,BH2BBBB,"Whelen Liberty II SOLO Lightbar 54""  BH2BBBB",False,False
769,7018,BB2DEDE,"Liberty II Duo Colored Lightbar 54""  BB2DEDE",False,False
770,7019,BB2EEEE,"Liberty II Duo Colored Lightbar 54"" BB2EEEE",False,False
771,7020,BJ2EEEE,"Liberty II Duo Colored Lightbar 54""  BJ2EEEE",False,False
772,7021,EB2SP3J,"Whelen Legacy Duo Lightbar 54"" EB2SP3J",False,False
